model,remembering,understanding,applying,analyzing,evaluating,creating,lower_order_thinking,higher_order_thinking,remembering_improvement,understanding_improvement,applying_improvement,analyzing_improvement,evaluating_improvement,creating_improvement,quality_improvement,rounds_to_pass,avg_quality_score,avg_pass_rate
meta-llama_Meta-Llama-3.1-8B-Instruct_metrics,90.41666666666667,71.58333333333333,69.04166666666667,78.08333333333333,77.58333333333333,75.08333333333333,231.04166666666666,230.75,30.375,-3.75,-6.583333333333333,1.8333333333333333,-0.75,-0.20833333333333334,0.026649999999999997,2.175,71.11333333333332,33.33333333333333
Qwen_Qwen2.5-7B-Instruct_metrics,91.95833333333333,72.54166666666667,68.54166666666667,76.95833333333333,78.375,73.875,233.04166666666666,229.20833333333334,34.25,-0.5416666666666666,-5.791666666666667,-0.20833333333333334,0.3333333333333333,-0.125,0.051825000000000024,2.1219512195121952,72.46583333333334,34.166666666666664
gpt-4o,86.91666666666667,82.95833333333333,76.70833333333333,83.5,83.54166666666667,82.625,246.58333333333334,249.66666666666666,26.916666666666668,5.791666666666667,-0.4583333333333333,4.208333333333333,2.9166666666666665,4.208333333333333,0.10455833333333328,2.3488372093023258,82.46166666666667,35.833333333333336
gpt-4o-mini,85.20833333333333,82.95833333333333,74.5,82.875,83.08333333333333,82.41666666666667,242.66666666666666,248.375,15.125,0.7083333333333334,-5.875,-1.375,-1.875,-0.5416666666666666,0.010316666666666686,2.5652173913043477,78.67666666666668,19.166666666666668
Qwen_Qwen2.5-14B-Instruct_metrics,90.91666666666667,74.91666666666667,71.54166666666667,81.25,81.875,77.83333333333333,237.375,240.95833333333334,42.5,2.4166666666666665,0.7083333333333334,7.458333333333333,6.166666666666667,5.916666666666667,0.11445833333333331,2.076923076923077,77.10249999999999,43.333333333333336
mistralai_Ministral-8B-Instruct-2410_metrics,91.625,67.95833333333333,66.91666666666667,74.75,76.20833333333333,70.33333333333333,226.5,221.29166666666666,35.791666666666664,-3.2083333333333335,-6.208333333333333,0.5,-0.3333333333333333,-3.0416666666666665,0.06384166666666666,2.0444444444444443,72.05083333333334,37.5
gpt-3.5-turbo,82.29166666666667,81.25,71.83333333333333,81.125,80.91666666666667,80.25,235.375,242.29166666666666,12.958333333333334,1.2916666666666667,-6.125,0.5416666666666666,-0.5416666666666666,0.9166666666666666,0.012716666666666694,2.6,73.45583333333333,12.5
